Team,Winrate,Season
CLE,0.805,08_09
LAL,0.793,08_09
BOS,0.756,08_09
ORL,0.72,08_09
DEN,0.659,08_09
SAS,0.659,08_09
POR,0.659,08_09
HOU,0.646,08_09
DAL,0.61,08_09
NOH,0.598,08_09
UTA,0.585,08_09
ATL,0.573,08_09
PHO,0.561,08_09
MIA,0.524,08_09
CHI,0.5,08_09
PHI,0.5,08_09
DET,0.476,08_09
IND,0.439,08_09
CHA,0.427,08_09
MIL,0.415,08_09
NJN,0.415,08_09
TOR,0.402,08_09
NYK,0.39,08_09
GSW,0.354,08_09
MIN,0.293,08_09
MEM,0.293,08_09
OKC,0.28,08_09
LAC,0.232,08_09
WAS,0.232,08_09
SAC,0.207,08_09
