Player,Team,Season,PPG,RPG,APG,Winrate,MVP
Dwyane Wade,MIA,08_09,30.2,5.0,7.5,0.524,1
LeBron James,CLE,08_09,28.4,7.6,7.2,0.805,1
Kobe Bryant,LAL,08_09,26.8,5.2,4.9,0.793,1
Dirk Nowitzki,DAL,08_09,25.9,8.4,2.4,0.61,1
Danny Granger,IND,08_09,25.8,5.1,2.7,0.439,0
Kevin Durant,OKC,08_09,25.3,6.5,2.8,0.28,0
Kevin Martin,SAC,08_09,24.6,3.6,2.7,0.207,0
Al Jefferson,MIN,08_09,23.1,11.0,1.6,0.293,0
Chris Paul,NOH,08_09,22.8,5.5,11.0,0.598,1
Carmelo Anthony,DEN,08_09,22.8,6.8,3.4,0.659,0
Chris Bosh,TOR,08_09,22.7,10.0,2.5,0.402,0
Brandon Roy,POR,08_09,22.6,4.7,5.1,0.659,1
Antawn Jamison,WAS,08_09,22.2,8.9,1.9,0.232,0
Tony Parker,SAS,08_09,22.0,3.1,6.9,0.659,1
Amar'e Stoudemire,PHO,08_09,21.4,8.1,2.0,0.561,0
Joe Johnson,ATL,08_09,21.4,4.4,5.8,0.573,0
Devin Harris,NJN,08_09,21.3,3.3,6.9,0.415,0
Michael Redd,MIL,08_09,21.2,3.2,2.7,0.415,0
David West,NOH,08_09,21.0,8.5,2.3,0.598,0
Zach Randolph,LACNYK,08_09,20.8,10.1,2.1,,0
Caron Butler,WAS,08_09,20.8,6.2,4.3,0.232,0
Vince Carter,NJN,08_09,20.8,5.1,4.7,0.415,0
Stephen Jackson,GSW,08_09,20.7,5.1,6.5,0.354,0
Ben Gordon,CHI,08_09,20.7,3.5,3.4,0.5,0
Dwight Howard,ORL,08_09,20.6,13.8,1.4,0.72,1
Paul Pierce,BOS,08_09,20.5,5.6,3.6,0.756,1
Al Harrington,GSWNYK,08_09,20.1,6.2,1.4,,0
Jamal Crawford,GSWNYK,08_09,19.7,3.0,4.4,,0
Yao Ming,HOU,08_09,19.7,9.9,1.8,0.646,1
Richard Jefferson,MIL,08_09,19.6,4.6,2.4,0.415,0
Jason Terry,DAL,08_09,19.6,2.4,3.4,0.61,0
Deron Williams,UTA,08_09,19.4,2.9,10.7,0.585,0
Tim Duncan,SAS,08_09,19.3,10.7,3.5,0.659,1
Monta Ellis,GSW,08_09,19.0,4.3,3.7,0.354,0
Rudy Gay,MEM,08_09,18.9,5.5,1.7,0.293,0
Pau Gasol,LAL,08_09,18.9,9.6,3.5,0.793,0
Andre Iguodala,PHI,08_09,18.8,5.7,5.3,0.5,0
Corey Maggette,GSW,08_09,18.6,5.5,1.8,0.354,0
O.J. Mayo,MEM,08_09,18.5,3.8,3.2,0.293,0
John Salmons,CHISAC,08_09,18.3,4.2,3.2,,0
Richard Hamilton,DET,08_09,18.3,3.1,4.4,0.476,0
Ray Allen,BOS,08_09,18.2,3.5,2.8,0.756,0
LaMarcus Aldridge,POR,08_09,18.1,7.5,1.9,0.659,0
Josh Howard,DAL,08_09,18.0,5.1,1.6,0.61,0
Mo Williams,CLE,08_09,17.8,3.4,4.1,0.805,0
Shaquille O'Neal,PHO,08_09,17.8,8.4,1.7,0.561,0
Rashard Lewis,ORL,08_09,17.7,5.7,2.6,0.72,0
Chauncey Billups,DENDET,08_09,17.7,3.0,6.4,,1
Allen Iverson,DENDET,08_09,17.5,3.0,5.0,,0
Nate Robinson,NYK,08_09,17.2,3.9,4.1,0.39,0
Metta World Peace,HOU,08_09,17.1,5.2,3.3,0.646,0
Mehmet Okur,UTA,08_09,17.0,7.7,1.7,0.585,0
Jason Richardson,CHAPHO,08_09,16.8,4.4,2.0,,0
Al Thornton,LAC,08_09,16.8,5.2,1.5,0.232,0
Hedo Türkoğlu,ORL,08_09,16.8,5.3,4.9,0.72,0
Derrick Rose,CHI,08_09,16.8,3.9,6.3,0.5,0
Jameer Nelson,ORL,08_09,16.7,3.5,5.4,0.72,0
Gerald Wallace,CHA,08_09,16.6,7.8,2.7,0.427,0
Jeff Green,OKC,08_09,16.5,6.7,2.0,0.28,0
Andre Miller,PHI,08_09,16.3,4.5,6.5,0.5,0
Randy Foye,MIN,08_09,16.3,3.1,4.3,0.293,0
Charlie Villanueva,MIL,08_09,16.2,6.7,1.8,0.415,0
Carlos Boozer,UTA,08_09,16.2,10.4,2.1,0.585,0
Eric Gordon,LAC,08_09,16.1,2.6,2.8,0.232,0
David Lee,NYK,08_09,16.0,11.7,2.1,0.39,0
Kevin Garnett,BOS,08_09,15.8,8.5,2.5,0.756,0
Steve Nash,PHO,08_09,15.7,3.0,9.7,0.561,0
Tracy McGrady,HOU,08_09,15.6,4.4,5.0,0.646,0
Josh Smith,ATL,08_09,15.6,7.2,2.4,0.573,0
Manu Ginóbili,SAS,08_09,15.5,4.5,3.6,0.659,0
Andrea Bargnani,TOR,08_09,15.4,5.3,1.2,0.402,0
Russell Westbrook,OKC,08_09,15.3,4.9,5.3,0.28,0
Thaddeus Young,PHI,08_09,15.3,5.0,1.1,0.5,0
J.R. Smith,DEN,08_09,15.2,3.7,2.8,0.659,0
Mike Dunleavy,IND,08_09,15.1,3.8,2.4,0.439,0
T.J. Ford,IND,08_09,14.9,3.5,5.3,0.439,0
Baron Davis,LAC,08_09,14.9,3.7,7.7,0.232,0
Mike Bibby,ATL,08_09,14.9,3.5,5.0,0.573,0
Nenê,DEN,08_09,14.6,7.8,1.4,0.659,0
Wilson Chandler,NYK,08_09,14.4,5.4,2.1,0.39,0
Kelenna Azubuike,GSW,08_09,14.4,5.0,1.6,0.354,0
Andrew Bynum,LAL,08_09,14.3,8.0,1.4,0.793,0
Troy Murphy,IND,08_09,14.3,11.8,2.4,0.439,0
Leandro Barbosa,PHO,08_09,14.2,2.6,2.3,0.561,0
Tayshaun Prince,DET,08_09,14.2,5.8,3.1,0.476,0
Raymond Felton,CHA,08_09,14.2,3.8,6.7,0.427,0
Luol Deng,CHI,08_09,14.1,6.0,1.9,0.5,0
Michael Beasley,MIA,08_09,13.9,5.4,1.0,0.524,0
Marvin Williams,ATL,08_09,13.9,6.3,1.3,0.573,0
Elton Brand,PHI,08_09,13.8,8.8,1.3,0.5,0
Cuttino Mobley,LAC,08_09,13.7,2.6,1.1,0.232,0
Ronnie Brewer,UTA,08_09,13.7,3.7,2.2,0.585,0
Marquis Daniels,IND,08_09,13.6,4.6,2.1,0.439,0
Paul Millsap,UTA,08_09,13.5,8.6,1.8,0.585,0
Rodney Stuckey,DET,08_09,13.4,3.5,4.9,0.476,0
Ryan Gomes,MIN,08_09,13.3,4.8,1.6,0.293,0
Peja Stojaković,NOH,08_09,13.3,4.3,1.2,0.598,0
Jermaine O'Neal,MIATOR,08_09,13.3,6.4,1.8,,0
Boris Diaw,CHAPHO,08_09,13.2,5.3,4.1,,0
Emeka Okafor,CHA,08_09,13.2,10.1,0.6,0.427,0
Jarrett Jack,IND,08_09,13.1,3.4,4.1,0.439,0
Brook Lopez,NJN,08_09,13.0,8.1,1.0,0.415,0
Gilbert Arenas,WAS,08_09,13.0,4.5,10.0,0.232,0
Shawn Marion,MIATOR,08_09,12.9,8.5,2.0,,0
Zydrunas Ilgauskas,CLE,08_09,12.9,7.5,1.0,0.805,0
José Calderón,TOR,08_09,12.8,2.9,8.9,0.402,0
Lou Williams,PHI,08_09,12.8,2.0,3.0,0.5,0
Travis Outlaw,POR,08_09,12.8,4.1,1.0,0.659,0
Luis Scola,HOU,08_09,12.7,8.8,1.5,0.646,0
Francisco García,SAC,08_09,12.7,3.4,2.3,0.207,0
Ramon Sessions,MIL,08_09,12.4,3.4,5.7,0.415,0
Ronald Murray,ATL,08_09,12.2,2.1,2.0,0.573,0
Rasheed Wallace,DET,08_09,12.0,7.4,1.4,0.476,0
Chris Kaman,LAC,08_09,12.0,8.0,1.5,0.232,0
Grant Hill,PHO,08_09,12.0,4.9,2.3,0.561,0
Raja Bell,CHAPHO,08_09,11.9,3.6,2.1,,0
Rajon Rondo,BOS,08_09,11.9,5.2,8.2,0.756,0
Marc Gasol,MEM,08_09,11.9,7.4,1.7,0.293,0
Brad Miller,CHISAC,08_09,11.9,7.8,3.3,,0
Drew Gooden,CHISACSAS,08_09,11.9,7.1,0.9,,0
Andris Biedriņš,GSW,08_09,11.9,11.2,2.0,0.354,0
Roger Mason,SAS,08_09,11.8,3.1,2.1,0.659,0
D.J. Augustin,CHA,08_09,11.8,1.8,3.5,0.427,0
Delonte West,CLE,08_09,11.7,3.2,3.5,0.805,0
Andrew Bogut,MIL,08_09,11.7,10.2,2.0,0.415,0
Rafer Alston,HOUORL,08_09,11.7,2.9,5.3,,0
Kenyon Martin,DEN,08_09,11.7,6.0,2.0,0.659,0
Larry Hughes,CHINYK,08_09,11.6,2.9,2.2,,0
Hakim Warrick,MEM,08_09,11.6,5.0,0.8,0.293,0
Andrei Kirilenko,UTA,08_09,11.6,4.8,2.6,0.585,0
Al Horford,ATL,08_09,11.5,9.3,2.4,0.573,0
Andrés Nocioni,CHISAC,08_09,11.4,4.8,1.3,,0
Spencer Hawes,SAC,08_09,11.4,7.1,1.9,0.207,0
Lamar Odom,LAL,08_09,11.3,8.2,2.6,0.793,0
Rasual Butler,NOH,08_09,11.2,3.3,0.9,0.598,0
Aaron Brooks,HOU,08_09,11.2,2.0,3.0,0.646,0
Chris Duhon,NYK,08_09,11.1,3.1,7.2,0.39,0
Kevin Love,MIN,08_09,11.1,9.1,1.0,0.293,0
Jason Thompson,SAC,08_09,11.1,7.4,1.1,0.207,0
Steve Blake,POR,08_09,11.0,2.5,5.0,0.659,0
Beno Udrih,SAC,08_09,11.0,3.0,4.7,0.207,0
Mike Conley,MEM,08_09,10.9,3.4,4.3,0.293,0
Nick Young,WAS,08_09,10.9,1.8,1.2,0.232,0
Tyrus Thomas,CHI,08_09,10.8,6.4,1.0,0.5,0
Anthony Parker,TOR,08_09,10.7,4.0,3.4,0.402,0
Udonis Haslem,MIA,08_09,10.6,8.2,1.1,0.524,0
Rudy Fernández,POR,08_09,10.4,2.7,2.0,0.659,0
Marcus Camby,LAC,08_09,10.3,11.1,2.0,0.232,0
Matt Barnes,PHO,08_09,10.2,5.5,2.8,0.561,0
Quentin Richardson,NYK,08_09,10.2,4.4,1.6,0.39,0
Anthony Morrow,GSW,08_09,10.1,3.0,1.2,0.354,0
Craig Smith,MIN,08_09,10.1,3.8,1.1,0.293,0
Andray Blatche,WAS,08_09,10.0,5.3,1.7,0.232,0
Mario Chalmers,MIA,08_09,10.0,2.8,4.9,0.524,0
Derek Fisher,LAL,08_09,9.9,2.3,3.2,0.793,0
Linas Kleiza,DEN,08_09,9.9,4.0,0.8,0.659,0
Mike Miller,MIN,08_09,9.9,6.6,4.5,0.293,0
Kirk Hinrich,CHI,08_09,9.9,2.4,3.9,0.5,0
Sebastian Telfair,MIN,08_09,9.8,1.7,4.6,0.293,0
Keyon Dooling,NJN,08_09,9.7,2.0,3.5,0.415,0
Von Wafer,HOU,08_09,9.7,1.8,1.1,0.646,0
Michael Finley,SAS,08_09,9.7,3.3,1.4,0.659,0
Nenad Krstić,OKC,08_09,9.7,5.5,0.6,0.28,0
Brendan Haywood,WAS,08_09,9.7,7.3,1.3,0.232,0
Antonio McDyess,DET,08_09,9.6,9.8,1.3,0.476,0
Luke Ridnour,MIL,08_09,9.6,3.0,5.1,0.415,0
Rashad McCants,MINSAC,08_09,9.6,1.9,1.2,,0
C.J. Watson,GSW,08_09,9.5,2.5,2.7,0.354,0
Mickaël Piétrus,ORL,08_09,9.4,3.3,1.2,0.72,0
Carl Landry,HOU,08_09,9.2,5.0,0.6,0.646,0
Daequan Cook,MIA,08_09,9.1,2.5,0.9,0.524,0
C.J. Miles,UTA,08_09,9.1,2.3,1.5,0.585,0
Kyle Korver,UTA,08_09,9.0,3.3,1.8,0.585,0
Jason Kidd,DAL,08_09,9.0,6.2,8.7,0.61,0
James Posey,NOH,08_09,8.9,4.8,1.1,0.598,0
Trevor Ariza,LAL,08_09,8.9,4.3,1.8,0.793,0
Marco Belinelli,GSW,08_09,8.9,1.7,2.1,0.354,0
D.J. White,OKC,08_09,8.9,4.6,0.9,0.28,0
Greg Oden,POR,08_09,8.9,7.0,0.5,0.659,0
Tyson Chandler,NOH,08_09,8.8,8.7,0.5,0.598,0
Mike James,NOHWAS,08_09,8.7,2.2,3.3,,0
Jarvis Hayes,NJN,08_09,8.7,3.6,0.7,0.415,0
Yi Jianlian,NJN,08_09,8.6,5.3,1.0,0.415,0
Anderson Varejão,CLE,08_09,8.6,7.2,1.0,0.805,0
Eddie House,BOS,08_09,8.5,1.9,1.1,0.756,0
Kendrick Perkins,BOS,08_09,8.5,8.1,1.3,0.756,0
Tim Thomas,CHILACNYK,08_09,8.5,3.1,1.1,,0
Brandon Bass,DAL,08_09,8.5,4.5,0.5,0.61,0
Willie Green,PHI,08_09,8.5,1.6,2.0,0.5,0
Courtney Lee,ORL,08_09,8.4,2.3,1.2,0.72,0
Charlie Bell,MIL,08_09,8.4,1.9,2.2,0.415,0
Brandan Wright,GSW,08_09,8.3,4.0,0.5,0.354,0
Matt Bonner,SAS,08_09,8.2,4.8,1.0,0.659,0
Nick Collison,OKC,08_09,8.2,6.9,0.9,0.28,0
Jason Kapono,TOR,08_09,8.2,2.0,1.3,0.402,0
Brandon Rush,IND,08_09,8.1,3.1,0.9,0.439,0
Anthony Randolph,GSW,08_09,7.9,5.8,0.8,0.354,0
Bobby Simmons,NJN,08_09,7.8,3.9,1.3,0.415,0
Daniel Gibson,CLE,08_09,7.8,2.1,1.8,0.805,0
J.J. Barea,DAL,08_09,7.8,2.2,3.4,0.61,0
